Eddie,Duo_Maxwell
superbuddhaman,Mr Jack
obvious_child,GiveMeOneReason
emclean,syklopps61
Archangel,choice_addict
Master_Shake,ChrisAtUCF
maximus,Chai
bhbcu64,JakeCJB
Debate_Queen615,Parcum
CUNxTime,JakeCJB
Charchuk,epaphras_faith
wvpeach1963,Master_Shake
zachvac,Cone
maximus,Carman
thelmoose,Archangel
Cone,Clive14
gnojek,Clive14
antonia,sinjin
somnolence,jyoshu
electrolyte,Steeeeve
SilentPoet,Parcum
CUNxTime,electrolyte
peteratwar,Shooterandproud
simone,JPSartre12
JPSartre12,Sigma
Shooterandproud,jitobear
Another opinion,Steeeeve
bhbcu64,Matthew S
simone,maximus
Matthew S,Colonel Ingus
Shooterandproud,jyoshu
Colonel Ingus,jyoshu
Symbiote,Cone
jitobear,JPSartre12
antonia,Archangel
choice_addict,Another opinion
chester,Matthew S
gilligan8503,Parcum
Irvine,chloe
Aivlis,jyoshu
chester,jyoshu
jitobear,Bassman
thelmoose,Steeeeve
Aivlis,jitobear
Steeeeve,JakeCJB
prolife,montalban
Clive14,Cone
Steen,JPSartre12
Symbiote,Steeeeve
CUNxTime,Colonel Ingus
Priscilla2,Morfos
Bassman,Sigma
Steeeeve,Cone
JPSartre12,Another opinion
Steeeeve,wvpeach1963
antonia,Steeeeve
xeiah,simone
Steeeeve,georged
obvious_child,CUNxTime
Steeeeve,xeiah
thelmoose,jyoshu
montalban,superbuddhaman
simone,Howard Beale
electrolyte,chloe
gnojek,chloe
Peeling,Steeeeve
antonia,JakeCJB
Sigma,CCR1994
Adept,Bassman
wvpeach1963,georged
Cone,Steen
crzygrly,Parcum
Hunter,zachvac
Another opinion,chloe
Parcum,Ness757
Morfos,Parcum
SilentPoet,maximus
Steeeeve,Matthew S
thebootfitter,sinjin
chloe,bhbcu64
simone,Aivlis
chester,Archangel
Steeeeve,chloe
chloe,zachvac
antonia,Matthew S
jitobear,jim's trucking
Matthew S,Steeeeve
thelmoose,Christina_Castl
Priscilla2,Charchuk
Phyllis,bhbcu64
jyoshu,chloe
bhbcu64,Archangel
Colonel Ingus,chester
simone,Joe@actsii
sinjin,Christina_Castl
Charchuk,TheoMorphic
Sigma,syklopps61
chloe,Cone
The Bonesaw,simone
jim's trucking,JPSartre12
thelmoose,simone
Steeeeve,Sigma
Phunting,sinjin
Mattsbox99,jerichoholic104
Priscilla2,TheoMorphic
Cone,zachvac
Archangel,Colonel Ingus
Sigma,Bassman
Steeeeve,chester
simone,pnac=ww3
epaphras_faith,Crim
foundit66,JPSartre12
jitobear,Steeeeve
Steeeeve,sinjin
jim's trucking,Cone
Bell,jim's trucking
Phyllis,JakeCJB
JakeCJB,antonia
T.Q,Archangel
avoiceofreason,Parcum
simone,jyoshu
Madison05,Parcum
JakeCJB,chloe
simone,Bassman
chloe,gnojek
JPSartre12,Aivlis
futureshock,E Mutz
jitobear,Sigma
Adept,somnolence
Penfold,Archangel
bobbob,thebootfitter
silver_snake,Parcum
zachvac,chloe
mizmaxx,superbuddhaman
obvious_child,Another opinion
Neo,Parcum
sinjin,Archangel
Steeeeve,Steen
georged,thelmoose
Charchuk,Crim
Sigma,jim's trucking
jerichoholic104,jim's trucking
CCR1994,Sigma
JPSartre12,chloe
Adept,Aivlis
bhbcu64,CUNxTime
Colonel Ingus,Matthew S
Steeeeve,Symbiote
DrNo,sinjin
Clive14,Steeeeve
somnolence,Another opinion
nao,Parcum
jyoshu,JPSartre12
GiveMeOneReason,obvious_child
chester,sinjin
simone,Steen
Cone,Mach
Charchuk,sundowner
jyoshu,sinjin
Bassman,jitobear
Linus,Steeeeve
Clive14,Hunter
Bassman,antonia
Shooterandproud,peteratwar
Duo_Maxwell,chloe
JPSartre12,georged
electrolyte,Christina_Castl
CUNxTime,sinjin
Aivlis,Bell
maximus,mizmaxx
Shooterandproud,thelmoose
Steeeeve,Harbinger
Charchuk,Priscilla2
chester,Penfold
georged,jim's trucking
Crim,prolife
Adept,The Bonesaw
antonia,Bassman
Steeeeve,gnojek
99%BEEF,Sigma
bhbcu64,electrolyte
Phyllis,antonia
Phat_Albert87,Ness757
jitobear,Shooterandproud
simone,Winston Smith
JakeCJB,Phyllis
thelmoose,sinjin
Shooterandproud,Steeeeve
Symbiote,chloe
georged,foundit66
JPSartre12,Steen
Matthew S,Archangel
Ness757,ApathySam
simone,jim's trucking
E Mutz,thelmoose
OccamsRazor,simone
Horseshoe,Archangel
chloe,Linus
superbuddhaman,maximus
Archangel,antonia
jyoshu,jim's trucking
chloe,jim's trucking
Christina_Castl,Steeeeve
jim's trucking,Sigma
Archangel,bhbcu64
Aivlis,kettiecat
jitobear,Another opinion
Charchuk,Parcum
chloe,Mach
Phat_Albert87,maximus
syklopps61,JPSartre12
electrolyte,CUNxTime
Steeeeve,Peeling
Tastyfish,Bell
Christina_Castl,thelmoose
E Mutz,Phyllis
simone,Master_Shake
Sigma,jefnvk
georged,jitobear
katie5890,Parcum
Master_Shake,wvpeach1963
Archangel,Peeling
thebootfitter,ChrisAtUCF
antonia,Phyllis
georged,jyoshu
Jessica,maximus
jim's trucking,Aivlis
Christina_Castl,Colonel Ingus
Tastyfish,georged
Adept,jyoshu
JakeCJB,Another opinion
Tastyfish,thebootfitter
valet_dave,ChrisAtUCF
chloe,Duo_Maxwell
sinjin,DrNo
Archangel,Horseshoe
simone,thelmoose
bmittking,chloe
choice_addict,Steeeeve
Archangel,chloe
Archangel,brutus2001x
Sigma,99%BEEF
JakeCJB,jyoshu
Steeeeve,somnolence
Bell,SonOfChaos
Another opinion,The Bonesaw
simone,jitobear
choice_addict,Matthew S
Steeeeve,thelmoose
JPSartre12,Shooterandproud
Steeeeve,Eddie
Bassman,simone
duck,Phunting
Pikeman85,Parcum
wvpeach1963,Shooterandproud
Steeeeve,jim's trucking
Shooterandproud,wvpeach1963
maximus,xeiah
bhbcu64,sinjin
ROCC,Parcum
Steeeeve,antonia
CUNxTime,Phyllis
Archangel,futureshock
Parcum,maximus
antonia,bhbcu64
Christina_Castl,Another opinion
Shooterandproud,simone
Steeeeve,electrolyte
somnolence,Adept
Harbinger,ChrisAtUCF
Colonel Ingus,bhbcu64
bhbcu64,antonia
Yukon,Parcum
Matthew S,Christina_Castl
wvpeach1963,Steeeeve
Duo_Maxwell,Xbig_bootieX
Phat_Albert87,Parcum
Irvine,Linus
Eddie,Sigma
SonOfChaos,Steeeeve
JPSartre12,jitobear
Tastyfish,sinjin
Cone,Duo_Maxwell
Another opinion,JPSartre12
CUNxTime,Peeling
Sigma,Darkest Shadow
Clive14,chloe
gnojek,Steeeeve
Archangel,obvious_child
wvpeach1963,jyoshu
Steeeeve,zachvac
jyoshu,Shooterandproud
sinjin,wvpeach1963
Archangel,CUNxTime
chloe,Clive14
CUNxTime,Steeeeve
thelmoose,wvpeach1963
maximus,Parcum
sinjin,jyoshu
kettiecat,Mickey Shane
jyoshu,simone
bhbcu64,Steeeeve
Winston Smith,simone
Steeeeve,jyoshu
Bell,Steeeeve
CUNxTime,bhbcu64
jim's trucking,simone
choice_addict,Archangel
Robotbeat,thebootfitter
Broker,Parcum
Mach,Cone
electrolyte,bhbcu64
CUNxTime,antonia
bhbcu64,brutus2001x
Steen,Steeeeve
Phyllis,CUNxTime
JPSartre12,jim's trucking
bhbcu64,Peeling
wjim1269,Parcum
Another opinion,jitobear
Hunter,Cone
CUNxTime,thelmoose
Patriot,Parcum
Steeeeve,JPSartre12
Cone,Symbiote
Phyllis,thelmoose
maximus,xphile_1002
Peeling,Archangel
Christina_Castl,brutus2001x
sinjin,thelmoose
LovetheSouth,Parcum
simone,Steeeeve
bhbcu64,Another opinion
jitobear,chloe
smiley,Archangel
jim's trucking,chloe
jyoshu,jitobear
jyoshu,thelmoose
Steeeeve,bhbcu64
Chai,Parcum
montalban,ApathySam
georged,Dono
bhbcu64,Phyllis
Archangel,T.Q
Broker,Morfos
bobbob,ChrisAtUCF
emclean,jitobear
mizmaxx,maximus
Xbig_bootieX,ChrisAtUCF
ApathySam,maximus
Charchuk,ApathySam
maximus,SilentPoet
Dono,JPSartre12
xeiah,GreenMtnBoy
jyoshu,Colonel Ingus
thistownwilleat,Parcum
Habbit,Parcum
xeiah,maximus
Habbit,Chai
Archangel,thelmoose
GreenMtnBoy,simone
Steeeeve,Joe@actsii
sinjin,Steeeeve
antonia,futureshock
jyoshu,foundit66
jyoshu,Sigma
brutus2001x,CUNxTime
simone,Shooterandproud
chloe,Sigma
Carman,maximus
mizmaxx,Mr Jack
Joe@actsii,jitobear
Bassman,bhbcu64
jitobear,wvpeach1963
JPSartre12,Steeeeve
jim's trucking,superbuddhaman
Archangel,Steeeeve
Sigma,duck
Steeeeve,simone
simone,The Bonesaw
Clive14,gnojek
chloe,brutus2001x
Christina_Castl,chester
maximus,simone
Archangel,Matthew S
montalban,Priscilla2
chloe,jitobear
Colonel Ingus,Christina_Castl
Chai,maximus
xeiah,Master_Shake
georged,wvpeach1963
CUNxTime,bmittking
Linus,Cone
sinjin,CUNxTime
simone,xeiah
jefnvk,Sigma
Another opinion,Christina_Castl
Peeling,brutus2001x
Shooterandproud,georged
thelmoose,Phyllis
sundowner,Charchuk
maximus,superbuddhaman
Darkest Shadow,Sigma
thelmoose,Another opinion
thelmoose,JakeCJB
Archangel,JakeCJB
JakeCJB,Steeeeve
Archangel,Another opinion
bhbcu64,Penfold
wvpeach1963,sinjin
Master_Shake,Shooterandproud
Master_Shake,Aivlis
obvious_child,Archangel
chloe,CUNxTime
Clive14,zachvac
Howard Beale,Steen
Cone,Linus
Linus,Symbiote
Carman,mizmaxx
Mach,chloe
pnac=ww3,maximus
Mickey Shane,georged
thebootfitter,Xbig_bootieX
georged,Bell
syklopps61,Sigma
Steeeeve,jitobear
JakeCJB,Peeling
sinjin,Another opinion
Steen,jitobear
chester,Christina_Castl
Sigma,Steeeeve
Steeeeve,Irvine
Sakata,Parcum
Steeeeve,Phyllis
Steeeeve,Mach
Liberty,Parcum
superbuddhaman,montalban
electrolyte,brutus2001x
Chai,Habbit
Sigma,chloe
Crim,Parcum
theLIBERTARIAN,Parcum
Aivlis,JPSartre12
Colonel Ingus,choice_addict
jyoshu,georged
Duo_Maxwell,Steeeeve
jim's trucking,jitobear
electrolyte,Archangel
Linus,chloe
zachvac,gnojek
jitobear,jyoshu
chloe,Symbiote
Archangel,E Mutz
TheoMorphic,Phat_Albert87
mizmaxx,Carman
Another opinion,Archangel
antonia,CUNxTime
Archangel,electrolyte
Mr Jack,mizmaxx
zachvac,Steeeeve
Cone,jim's trucking
Another opinion,Peeling
jyoshu,Bell
The Bonesaw,Adept
SilentPoet,katie5890
Sigma,jyoshu
Steeeeve,CUNxTime
Cone,Eddie
Colonel Ingus,Steeeeve
maximus,ApathySam
JPSartre12,simone
Another opinion,choice_addict
DarKnight,Parcum
thelmoose,Shooterandproud
bhbcu64,Colonel Ingus
jitobear,foundit66
Steeeeve,Another opinion
Joe@actsii,simone
Sigma,emclean
thelmoose,electrolyte
sinjin,Mattsbox99
Eddie,Cone
bhbcu64,chloe
Cone,ChrisAtUCF
Duo_Maxwell,Cone
Colonel Ingus,Archangel
xphile_1002,maximus
brutus2001x,Archangel
Colonel Ingus,thelmoose
Steen,Cone
sinjin,thebootfitter
Steeeeve,Duo_Maxwell
Aivlis,Adept
Eddie,bobbob
antonia,electrolyte
Debategirl104,Parcum
Aivlis,jim's trucking
Sigma,Howard Beale
Another opinion,Penfold
Archangel,Penfold
Bell,jyoshu
foundit66,jitobear
The Bonesaw,Steeeeve
bhbcu64,Bassman
Shooterandproud,JPSartre12
CUNxTime,Archangel
Jessica,simone
Colonel Ingus,CUNxTime
JPSartre12,foundit66
brutus2001x,chloe
Steeeeve,Bell
JakeCJB,Archangel
Cone,Hunter
foundit66,jyoshu
GiveMeOneReason,The Bonesaw
