trebor,Dr_Sprocket
Kronus,Voice Of Reason
Matthew S,Caprii
peteratwar,ShadowPikachu
jim's trucking,Maineiac
jyoshu,Tala Kismet
BobNelson2,VTCruiser
Jo Bennett,Matthew S
Matthew S,Moonlitface
lesz,Kronus
zachvac,BobNelson2
robbie0517,unkerpaulie
unkerpaulie,Maineiac
tonybrown74,VTCruiser
joebrummer,jyoshu
unkerpaulie,robbie0517
trebor,epaphras_faith
JustineCredible,MrWriteLA
foundit66,lesz
zenodotus,tonybrown74
lesz,robbie0517
Voice Of Reason,Matthew S
VTCruiser,jyoshu
foundit66,Ohioprof
gaetano,Archangel
Jo Bennett,tonybrown74
JakeCJB,Voice Of Reason
Jo Bennett,Easyrider
jyoshu,MrWriteLA
JPSartre12,joebrummer
zachvac,sinjin
sinjin,Ohioprof
sinjin,VTCruiser
beervolcano,unkerpaulie
smiley,vickycupcake
tonybrown74,BobNelson2
Jo Bennett,Voice Of Reason
wsm2506,JPSartre12
ibelieveyou,foundit66
VTCruiser,tonybrown74
Duo_Maxwell,JustineCredible
MrWriteLA,Nurglitch
Nurglitch,MrWriteLA
Symbiote,zenodotus
thelmoose,Steeeeve
jyoshu,Waxy
Ohioprof,sinjin
foundit66,thelmoose
unkerpaulie,Truthsayer
MrWriteLA,robbie0517
Matthew S,tonybrown74
lesz,jyoshu
sinjin,zenodotus
Nurglitch,Kronus
Clive14,Duo_Maxwell
Voice Of Reason,Jo Bennett
Easyrider,Monster
Tala Kismet,Jaaaman
jyoshu,lesz
jitobear,Love Never Dies
VTCruiser,joebrummer
Matthew S,Voice Of Reason
wsm2506,jyoshu
thelmoose,jyoshu
foundit66,Steeeeve
Eddie,Voice Of Reason
ironcourage,T.Q
Existantia,foundit66
Easyrider,jitobear
Matthew S,Bassman
Voice Of Reason,JakeCJB
samiinh,MrWriteLA
Monster,Orion
Dr_Sprocket,Peeling
VTCruiser,jitobear
joebrummer,zachvac
samiinh,Matthew S
Jaxian,zenodotus
MrWriteLA,JPSartre12
joebrummer,VTCruiser
tonybrown74,jyoshu
Steeeeve,Matthew S
wsm2506,BobNelson2
Truthsayer,jyoshu
joebrummer,Voice Of Reason
Duo_Maxwell,jyoshu
BobNelson2,jyoshu
MrWriteLA,foundit66
Matthew S,Jo Bennett
JustineCredible,JakeCJB
Matthew S,Steeeeve
zenodotus,sinjin
jim's trucking,Big_Bear_Scot
melsucceeds,JakeCJB
flygirl,foundit66
jitobear,Jo Bennett
JustineCredible,Cone
joebrummer,JPSartre12
sinjin,tonybrown74
chloe,Cone
joebrummer,zenodotus
jitobear,Archangel
doG,Jo Bennett
zenodotus,gnojek
wsm2506,VTCruiser
foundit66,ibelieveyou
JPSartre12,BobNelson2
jyoshu,Socialist
Love Never Dies,Steeeeve
zenodotus,JakeCJB
Tala Kismet,Jaxian
Big_Bear_Scot,Easyrider
joebrummer,Socialist
lesz,MrWriteLA
JustineCredible,gnojek
HonestAbe,jyoshu
Black Phoenix,epaphras_faith
Moonlitface,MrWriteLA
foundit66,peteratwar
jazyjason,joebrummer
VTCruiser,Fishbulb
Ohioprof,foundit66
Archangel,lesz
Caprii,jitobear
unkerpaulie,thelmoose
Duo_Maxwell,BobNelson2
Jo Bennett,unkerpaulie
Maineiac,trebor
mads12,Matthew S
Matthew S,ibelieveyou
joebrummer,Dr_Sprocket
Ohioprof,Moonlitface
epaphras_faith,Matthew S
VTCruiser,BobNelson2
Caprii,Matthew S
Peeling,Justawoman
Ohioprof,ibelieveyou
led by vampires,Love Never Dies
Big_Bear_Scot,Waxy
jyoshu,JPSartre12
JSDKoeln,lesz
Maineiac,Jo Bennett
DrNo,flygirl
BobNelson2,tonybrown74
MrWriteLA,JakeCJB
Duo_Maxwell,VTCruiser
Duo_Maxwell,chloe
unkerpaulie,Jo Bennett
jitobear,ibelieveyou
Obvious Child,Monster
unkerpaulie,Big_Bear_Scot
foundit66,BobNelson2
samiinh,Moonlitface
jyoshu,Truthsayer
JustineCredible,Nurglitch
Easyrider,Orion
Duo_Maxwell,Clive14
sinjin,jitobear
Jaxian,JPSartre12
Easyrider,doG
JPSartre12,Jaxian
Obvious Child,zenodotus
jim's trucking,jyoshu
AntDogg,Moonlitface
jyoshu,Kronus
trebor,Jo Bennett
jitobear,Easyrider
MrWriteLA,jyoshu
HonestAbe,JSDKoeln
unkerpaulie,foundit66
jitobear,ironcourage
JustineCredible,tonybrown74
Kronus,foundit66
Penfold,ironcourage
Matthew S,Monster
electrolyte,ironcourage
MrWriteLA,Matthew S
jazyjason,jim's trucking
jyoshu,BobNelson2
zenodotus,JustineCredible
jyoshu,jim's trucking
Hydra,sinjin
jim's trucking,Truthsayer
BobNelson2,Caprii
Jaxian,VTCruiser
jyoshu,Jaxian
foundit66,Kronus
tonybrown74,Voice Of Reason
Steeeeve,foundit66
Maineiac,unkerpaulie
trebor,unkerpaulie
Hydra,JustineCredible
stariennight,Existantia
tonybrown74,wsm2506
Jo Bennett,epaphras_faith
lesz,Matthew S
trebor,Justawoman
peteratwar,Love Never Dies
fracas,JustineCredible
zenodotus,Symbiote
jyoshu,JustineCredible
Duo_Maxwell,Voice Of Reason
jazyjason,Dr_Sprocket
Hydra,jyoshu
electrolyte,vickycupcake
jitobear,Monster
Kronus,jyoshu
ibelieveyou,Ohioprof
Waxy,jim's trucking
Jo Bennett,jyoshu
epaphras_faith,Dr_Sprocket
Big_Bear_Scot,unkerpaulie
JustineCredible,Hydra
robbie0517,jyoshu
robbie0517,ibelieveyou
Jaxian,BobNelson2
jyoshu,Obvious Child
chloe,Duo_Maxwell
unkerpaulie,Waxy
JSDKoeln,Matthew S
ironcourage,Penfold
VTCruiser,JustineCredible
jyoshu,Steeeeve
JakeCJB,jyoshu
jyoshu,wsm2506
Orion,Jo Bennett
Love Never Dies,led by vampires
JustineCredible,zenodotus
jyoshu,zenodotus
Steeeeve,thelmoose
BobNelson2,Jo Bennett
Obvious Child,JakeCJB
Archangel,MrWriteLA
Matthew S,peteratwar
Matthew S,led by vampires
Nurglitch,jyoshu
vickycupcake,jyoshu
melsucceeds,zenodotus
stariennight,jim's trucking
bandgeek615,Archangel
Matthew S,robbie0517
VTCruiser,Duo_Maxwell
jazyjason,ibelieveyou
pappillion001,Archangel
JustineCredible,VTCruiser
jyoshu,VTCruiser
jyoshu,ibelieveyou
jyoshu,sinjin
Matthew S,Adept
Monster,Easyrider
zenodotus,melsucceeds
jitobear,Voice Of Reason
Matthew S,Dr_Sprocket
peteratwar,Ohioprof
doG,trebor
led by vampires,Steeeeve
Love Never Dies,Matthew S
Love Never Dies,peteratwar
jyoshu,robbie0517
Nurglitch,JustineCredible
Cone,Duo_Maxwell
Obvious Child,JustineCredible
Monster,Dr_Sprocket
MrWriteLA,JustineCredible
Matthew S,BobNelson2
zenodotus,Phunting
Easyrider,Matthew S
JustineCredible,BobNelson2
jim's trucking,Kronus
Big_Bear_Scot,trebor
Steeeeve,gaetano
gnojek,zenodotus
simone,Justawoman
Ooaman,led by vampires
sinjin,jyoshu
trebor,doG
doG,Easyrider
Steeeeve,jyoshu
JPSartre12,JakeCJB
zenodotus,Jaxian
peteratwar,Matthew S
Jo Bennett,fracas
JustineCredible,Obvious Child
Matthew S,gaetano
Moonlitface,pappillion001
jyoshu,tonybrown74
zachvac,JPSartre12
JustineCredible,jyoshu
Clive14,jyoshu
JPSartre12,MrWriteLA
Socialist,zachvac
Jaxian,Hydra
MrWriteLA,wsm2506
lesz,ironcourage
jyoshu,flygirl
simone,Easyrider
epaphras_faith,trebor
Jaaaman,zachvac
Waxy,jyoshu
BobNelson2,Voice Of Reason
Maineiac,jim's trucking
JustineCredible,Voice Of Reason
joebrummer,wsm2506
Kronus,lesz
MrWriteLA,tonybrown74
jyoshu,thelmoose
Nurglitch,zenodotus
VTCruiser,wsm2506
lesz,Archangel
unkerpaulie,Dr_Sprocket
Matthew S,zenodotus
Socialist,JPSartre12
BobNelson2,JustineCredible
zachvac,jyoshu
Obvious Child,jyoshu
jitobear,Moonlitface
smiley,ibelieveyou
sinjin,foundit66
Michele,Voice Of Reason
Bassman,Love Never Dies
ironcourage,electrolyte
Dr_Sprocket,jazyjason
thelmoose,foundit66
BobNelson2,MrWriteLA
Matthew S,Easyrider
trebor,jim's trucking
Voice Of Reason,JustineCredible
JakeCJB,sinjin
Ohioprof,peteratwar
jyoshu,foundit66
JakeCJB,JPSartre12
Orion,Easyrider
ironcourage,lesz
trebor,Big_Bear_Scot
foundit66,unkerpaulie
Monster,Justawoman
robbie0517,foundit66
samiinh,jitobear
Justawoman,trebor
peteratwar,gaetano
Kronus,jim's trucking
MTKnight,jyoshu
ShadowPikachu,peteratwar
jim's trucking,trebor
VTCruiser,Jaxian
gnojek,jitobear
tonybrown74,JakeCJB
ibelieveyou,sinjin
jitobear,sinjin
MrWriteLA,bandgeek615
JustineCredible,fracas
jyoshu,Matthew S
BobNelson2,Jaaaman
zachvac,joebrummer
Voice Of Reason,zenodotus
Voice Of Reason,jyoshu
JPSartre12,zachvac
Kronus,ibelieveyou
sinjin,ibelieveyou
MrWriteLA,Jaxian
Voice Of Reason,jitobear
Voice Of Reason,joebrummer
Jo Bennett,BobNelson2
Jaaaman,BobNelson2
jitobear,VTCruiser
JustineCredible,wsm2506
epaphras_faith,Big_Bear_Scot
VTCruiser,sinjin
Steeeeve,Love Never Dies
jitobear,DrNo
ibelieveyou,smiley
T.Q,ironcourage
Easyrider,Jo Bennett
Socialist,wsm2506
Phunting,zenodotus
JPSartre12,sinjin
Moonlitface,Matthew S
Dr_Sprocket,epaphras_faith
unkerpaulie,trebor
Easyrider,Big_Bear_Scot
Duo_Maxwell,Jaaaman
fracas,Jo Bennett
jitobear,jazyjason
trebor,Easyrider
jim's trucking,Waxy
Waxy,unkerpaulie
Jo Bennett,VTCruiser
Scottd,ibelieveyou
Matthew S,jitobear
Hydra,zenodotus
Voice Of Reason,melsucceeds
melsucceeds,Voice Of Reason
Dr_Sprocket,Matthew S
MrWriteLA,samiinh
Truthsayer,jim's trucking
Nurglitch,melsucceeds
Matthew S,jyoshu
ironcourage,Ohioprof
jyoshu,JakeCJB
lesz,ibelieveyou
Monster,trebor
BobNelson2,Jaxian
gaetano,peteratwar
jitobear,jyoshu
HonestAbe,sinjin
JPSartre12,Socialist
tonybrown74,Jaxian
Socialist,joebrummer
Obvious Child,Matthew S
Dr_Sprocket,Easyrider
thelmoose,Caprii
Matthew S,Justawoman
Voice Of Reason,Michele
jyoshu,Hydra
JakeCJB,zenodotus
Matthew S,epaphras_faith
Jo Bennett,trebor
gaetano,Steeeeve
Fishbulb,VTCruiser
JustineCredible,Matthew S
BobNelson2,thelmoose
robbie0517,Caprii
lesz,jim's trucking
Penfold,jyoshu
Adept,Easyrider
jim's trucking,foundit66
Jaxian,jyoshu
MrWriteLA,Jo Bennett
lesz,jitobear
Voice Of Reason,Clive14
foundit66,Love Never Dies
jyoshu,zachvac
unkerpaulie,beervolcano
Duo_Maxwell,Cone
MrWriteLA,BobNelson2
obvious_child,vickycupcake
Peeling,Dr_Sprocket
BobNelson2,JPSartre12
zachvac,Jaaaman
Ohioprof,ironcourage
jyoshu,joebrummer
ibelieveyou,lesz
tonybrown74,zenodotus
jyoshu,jitobear
Easyrider,trebor
Matthew S,vickycupcake
foundit66,jitobear
zenodotus,MrWriteLA
Clive14,Voice Of Reason
jyoshu,Jo Bennett
zenodotus,Nurglitch
foundit66,jyoshu
thelmoose,peteratwar
